<Interlink id="NORA-WikiData-linking">
  <MetaData>
    <Label></Label>
    <Description></Description>
    <Modified>2021-06-17T20:00:33.065Z</Modified>
  </MetaData>
  <SourceDataset dataSource="NORA" var="a" typeUri="http://vocab.linkeddata.es/datosabiertos/def/sector-publico/territorio#Municipio">
    <RestrictTo> </RestrictTo>
  </SourceDataset>
  <TargetDataset dataSource="Wikidata" var="b" typeUri="">
    <RestrictTo> ?a &lt;http://www.wikidata.org/prop/direct/P31&gt; &lt;http://www.wikidata.org/entity/Q2074737&gt; . </RestrictTo>
  </TargetDataset>
  <LinkageRule linkType="&lt;http://www.w3.org/2002/07/owl#sameAs&gt;">
    <Compare id="jaro1" required="false" weight="1" metric="jaro" threshold="0.0" indexing="true">
      <Input id="sourcePath1" path="/&lt;http://www.geonames.org/ontology#officialname&gt;"/>
      <Input id="targetPath1" path="/&lt;http://www.w3.org/2000/01/rdf-schema#label&gt;"/>
    </Compare>
    <Filter/>
  </LinkageRule>
  <Outputs> </Outputs>
</Interlink>
