<Dataset id="NORA" type="sparqlEndpoint" uriProperty="">
  <MetaData>
    <Label></Label>
    <Description></Description>
    <Modified>2021-06-17T19:41:15.918Z</Modified>
  </MetaData>
  <Param name="pageSize" xml:space="preserve"><![CDATA[1000]]></Param>
  <Param name="clearGraphBeforeExecution" xml:space="preserve"><![CDATA[true]]></Param>
  <Param name="pauseTime" xml:space="preserve"><![CDATA[0]]></Param>
  <Param name="retryCount" xml:space="preserve"><![CDATA[3]]></Param>
  <Param name="endpointURI" xml:space="preserve"><![CDATA[http://graphdb:7200/repositories/NORA]]></Param>
  <Param name="strategy" xml:space="preserve"><![CDATA[parallel]]></Param>
  <Param name="retryPause" xml:space="preserve"><![CDATA[1000]]></Param>
  <Param name="graph" xml:space="preserve"><![CDATA[http://id.euskadi.eus/graph/NORA]]></Param>
  <Param name="queryParameters" xml:space="preserve"><![CDATA[]]></Param>
  <Param name="login" xml:space="preserve"><![CDATA[]]></Param>
  <Param name="useOrderBy" xml:space="preserve"><![CDATA[true]]></Param>
  <Param name="entityList" xml:space="preserve"><![CDATA[]]></Param>
  <Param name="password" xml:space="preserve"><![CDATA[]]></Param>
</Dataset>
