<Dataset id="NORA-links" type="file" uriProperty="">
  <MetaData>
    <Label></Label>
    <Description></Description>
    <Modified>2021-06-17T19:39:05.745Z</Modified>
  </MetaData>
  <Param name="format" xml:space="preserve"><![CDATA[N-Triples]]></Param>
  <Param name="maxReadSize" xml:space="preserve"><![CDATA[10]]></Param>
  <Param name="file" xml:space="preserve"><![CDATA[NORA-links.rdf]]></Param>
  <Param name="graph" xml:space="preserve"><![CDATA[]]></Param>
  <Param name="entityList" xml:space="preserve"><![CDATA[]]></Param>
</Dataset>
