<Workflow id="Linking">
  <MetaData>
    <Label></Label>
    <Description></Description>
    <Modified>2021-06-18T06:38:49.013Z</Modified>
  </MetaData>
  <Operator posX="1108" posY="171" task="NORA-WikiData-linking" inputs="NORA,Wikidata" outputs="NORA-links" errorOutputs="" id="NORA-WikiData-linking"/>
  <Dataset posX="445" posY="103" task="NORA" inputs="" outputs="NORA-WikiData-linking" id="NORA"/>
  <Dataset posX="677" posY="328" task="Wikidata" inputs="" outputs="NORA-WikiData-linking" id="Wikidata"/>
  <Dataset posX="1798" posY="256" task="NORA-links" inputs="NORA-WikiData-linking" outputs="" id="NORA-links"/>
</Workflow>
